devise,taux_2025
USD,1.00
EUR,1.08
GBP,1.27
CAD,0.74
AUD,0.66
INR,0.012
ARS,0.0010
CHF,1.12
MYR,0.21
ZAR,0.052
SEK,0.093
HKD,0.128
NOK,0.095
BRL,0.20
DKK,0.147
TTD,0.147
MXN,0.058
CZK,0.043
BDT,0.0091
PHP,0.017
PLN,0.24
TRY,0.031
CNY,0.14
ILS,0.27
JPY,0.0066
TWD,0.031
SGD,0.74
KRW,0.00076
THB,0.028
IDR,0.000064
NZD,0.60
LKR,0.0031
SAR,0.266
HRK,0.143
NGN,0.00082
COP,0.00024
TZS,0.00038
